2843826;https://www.wildberries.ru/catalog/2843826/detail.aspx
2843827;https://www.wildberries.ru/catalog/2843827/detail.aspx
2843831;https://www.wildberries.ru/catalog/2843831/detail.aspx
2843836;https://www.wildberries.ru/catalog/2843836/detail.aspx
2843837;https://www.wildberries.ru/catalog/2843837/detail.aspx
2843839;https://www.wildberries.ru/catalog/2843839/detail.aspx
2843840;https://www.wildberries.ru/catalog/2843840/detail.aspx
2843854;https://www.wildberries.ru/catalog/2843854/detail.aspx
2924765;https://www.wildberries.ru/catalog/2924765/detail.aspx
2933432;https://www.wildberries.ru/catalog/2933432/detail.aspx
3122103;https://www.wildberries.ru/catalog/3122103/detail.aspx
3206777;https://www.wildberries.ru/catalog/3206777/detail.aspx
3224759;https://www.wildberries.ru/catalog/3224759/detail.aspx
3224760;https://www.wildberries.ru/catalog/3224760/detail.aspx
3224761;https://www.wildberries.ru/catalog/3224761/detail.aspx
3224762;https://www.wildberries.ru/catalog/3224762/detail.aspx
3253851;https://www.wildberries.ru/catalog/3253851/detail.aspx
3253861;https://www.wildberries.ru/catalog/3253861/detail.aspx
3366709;https://www.wildberries.ru/catalog/3366709/detail.aspx
3366752;https://www.wildberries.ru/catalog/3366752/detail.aspx
3413453;https://www.wildberries.ru/catalog/3413453/detail.aspx
3451304;https://www.wildberries.ru/catalog/3451304/detail.aspx
3493299;https://www.wildberries.ru/catalog/3493299/detail.aspx
3525092;https://www.wildberries.ru/catalog/3525092/detail.aspx
3525096;https://www.wildberries.ru/catalog/3525096/detail.aspx
3525098;https://www.wildberries.ru/catalog/3525098/detail.aspx
3571276;https://www.wildberries.ru/catalog/3571276/detail.aspx
3584229;https://www.wildberries.ru/catalog/3584229/detail.aspx
3584258;https://www.wildberries.ru/catalog/3584258/detail.aspx
3626626;https://www.wildberries.ru/catalog/3626626/detail.aspx
3631388;https://www.wildberries.ru/catalog/3631388/detail.aspx
3525096;https://www.wildberries.ru/catalog/3525096/detail.aspx
3525098;https://www.wildberries.ru/catalog/3525098/detail.aspx
3571276;https://www.wildberries.ru/catalog/3571276/detail.aspx
3584229;https://www.wildberries.ru/catalog/3584229/detail.aspx
3584258;https://www.wildberries.ru/catalog/3584258/detail.aspx
3626626;https://www.wildberries.ru/catalog/3626626/detail.aspx
3631388;https://www.wildberries.ru/catalog/3631388/detail.aspx
3631389;https://www.wildberries.ru/catalog/3631389/detail.aspx
3669253;https://www.wildberries.ru/catalog/3669253/detail.aspx
3672085;https://www.wildberries.ru/catalog/3672085/detail.aspx
17753704;https://www.wildberries.ru/catalog/17753704/detail.aspx
3677128;https://www.wildberries.ru/catalog/3677128/detail.aspx
3677156;https://www.wildberries.ru/catalog/3677156/detail.aspx
3753991;https://www.wildberries.ru/catalog/3753991/detail.aspx
3785976;https://www.wildberries.ru/catalog/3785976/detail.aspx
3795063;https://www.wildberries.ru/catalog/3795063/detail.aspx
3795064;https://www.wildberries.ru/catalog/3795064/detail.aspx
3837664;https://www.wildberries.ru/catalog/3837664/detail.aspx
3850574;https://www.wildberries.ru/catalog/3850574/detail.aspx
3893107;https://www.wildberries.ru/catalog/3893107/detail.aspx
17753704;https://www.wildberries.ru/catalog/17753704/detail.aspx
3677128;https://www.wildberries.ru/catalog/3677128/detail.aspx
3677156;https://www.wildberries.ru/catalog/3677156/detail.aspx
3753991;https://www.wildberries.ru/catalog/3753991/detail.aspx
3785976;https://www.wildberries.ru/catalog/3785976/detail.aspx
3795063;https://www.wildberries.ru/catalog/3795063/detail.aspx
3795064;https://www.wildberries.ru/catalog/3795064/detail.aspx
3837664;https://www.wildberries.ru/catalog/3837664/detail.aspx
3850574;https://www.wildberries.ru/catalog/3850574/detail.aspx
3893107;https://www.wildberries.ru/catalog/3893107/detail.aspx
17753704;https://www.wildberries.ru/catalog/17753704/detail.aspx
3677128;https://www.wildberries.ru/catalog/3677128/detail.aspx
3677156;https://www.wildberries.ru/catalog/3677156/detail.aspx
3753991;https://www.wildberries.ru/catalog/3753991/detail.aspx
3785976;https://www.wildberries.ru/catalog/3785976/detail.aspx
3795063;https://www.wildberries.ru/catalog/3795063/detail.aspx
3795064;https://www.wildberries.ru/catalog/3795064/detail.aspx
3837664;https://www.wildberries.ru/catalog/3837664/detail.aspx
3850574;https://www.wildberries.ru/catalog/3850574/detail.aspx
3893107;https://www.wildberries.ru/catalog/3893107/detail.aspx
17753704;https://www.wildberries.ru/catalog/17753704/detail.aspx
3677128;https://www.wildberries.ru/catalog/3677128/detail.aspx
3677156;https://www.wildberries.ru/catalog/3677156/detail.aspx
3753991;https://www.wildberries.ru/catalog/3753991/detail.aspx
3785976;https://www.wildberries.ru/catalog/3785976/detail.aspx
3795063;https://www.wildberries.ru/catalog/3795063/detail.aspx
3795064;https://www.wildberries.ru/catalog/3795064/detail.aspx
3837664;https://www.wildberries.ru/catalog/3837664/detail.aspx
3850574;https://www.wildberries.ru/catalog/3850574/detail.aspx
3893107;https://www.wildberries.ru/catalog/3893107/detail.aspx
17753704;https://www.wildberries.ru/catalog/17753704/detail.aspx
3677128;https://www.wildberries.ru/catalog/3677128/detail.aspx
3677156;https://www.wildberries.ru/catalog/3677156/detail.aspx
3753991;https://www.wildberries.ru/catalog/3753991/detail.aspx
3785976;https://www.wildberries.ru/catalog/3785976/detail.aspx
3795063;https://www.wildberries.ru/catalog/3795063/detail.aspx
3795064;https://www.wildberries.ru/catalog/3795064/detail.aspx
3837664;https://www.wildberries.ru/catalog/3837664/detail.aspx
3850574;https://www.wildberries.ru/catalog/3850574/detail.aspx
3893107;https://www.wildberries.ru/catalog/3893107/detail.aspx
17753704;https://www.wildberries.ru/catalog/17753704/detail.aspx
3677128;https://www.wildberries.ru/catalog/3677128/detail.aspx
3677156;https://www.wildberries.ru/catalog/3677156/detail.aspx
3753991;https://www.wildberries.ru/catalog/3753991/detail.aspx
3785976;https://www.wildberries.ru/catalog/3785976/detail.aspx
3795063;https://www.wildberries.ru/catalog/3795063/detail.aspx
3795064;https://www.wildberries.ru/catalog/3795064/detail.aspx
3837664;https://www.wildberries.ru/catalog/3837664/detail.aspx
3850574;https://www.wildberries.ru/catalog/3850574/detail.aspx
3893107;https://www.wildberries.ru/catalog/3893107/detail.aspx
17753704;https://www.wildberries.ru/catalog/17753704/detail.aspx
3677128;https://www.wildberries.ru/catalog/3677128/detail.aspx
3677156;https://www.wildberries.ru/catalog/3677156/detail.aspx
3753991;https://www.wildberries.ru/catalog/3753991/detail.aspx
3785976;https://www.wildberries.ru/catalog/3785976/detail.aspx
3795063;https://www.wildberries.ru/catalog/3795063/detail.aspx
3795064;https://www.wildberries.ru/catalog/3795064/detail.aspx
3837664;https://www.wildberries.ru/catalog/3837664/detail.aspx
3850574;https://www.wildberries.ru/catalog/3850574/detail.aspx
3893107;https://www.wildberries.ru/catalog/3893107/detail.aspx
17753704;https://www.wildberries.ru/catalog/17753704/detail.aspx
3677128;https://www.wildberries.ru/catalog/3677128/detail.aspx
3677156;https://www.wildberries.ru/catalog/3677156/detail.aspx
3753991;https://www.wildberries.ru/catalog/3753991/detail.aspx
3785976;https://www.wildberries.ru/catalog/3785976/detail.aspx
3795063;https://www.wildberries.ru/catalog/3795063/detail.aspx
3795064;https://www.wildberries.ru/catalog/3795064/detail.aspx
3837664;https://www.wildberries.ru/catalog/3837664/detail.aspx
3850574;https://www.wildberries.ru/catalog/3850574/detail.aspx
3893107;https://www.wildberries.ru/catalog/3893107/detail.aspx
17753704;https://www.wildberries.ru/catalog/17753704/detail.aspx
3677128;https://www.wildberries.ru/catalog/3677128/detail.aspx
3677156;https://www.wildberries.ru/catalog/3677156/detail.aspx
3753991;https://www.wildberries.ru/catalog/3753991/detail.aspx
3785976;https://www.wildberries.ru/catalog/3785976/detail.aspx
3795063;https://www.wildberries.ru/catalog/3795063/detail.aspx
3795064;https://www.wildberries.ru/catalog/3795064/detail.aspx
3837664;https://www.wildberries.ru/catalog/3837664/detail.aspx
3850574;https://www.wildberries.ru/catalog/3850574/detail.aspx
3893107;https://www.wildberries.ru/catalog/3893107/detail.aspx
17753704;https://www.wildberries.ru/catalog/17753704/detail.aspx
3677128;https://www.wildberries.ru/catalog/3677128/detail.aspx
3677156;https://www.wildberries.ru/catalog/3677156/detail.aspx
3753991;https://www.wildberries.ru/catalog/3753991/detail.aspx
3785976;https://www.wildberries.ru/catalog/3785976/detail.aspx
3795063;https://www.wildberries.ru/catalog/3795063/detail.aspx
3795064;https://www.wildberries.ru/catalog/3795064/detail.aspx
3837664;https://www.wildberries.ru/catalog/3837664/detail.aspx
3850574;https://www.wildberries.ru/catalog/3850574/detail.aspx
3893107;https://www.wildberries.ru/catalog/3893107/detail.aspx
17753704;https://www.wildberries.ru/catalog/17753704/detail.aspx
3677128;https://www.wildberries.ru/catalog/3677128/detail.aspx
3677156;https://www.wildberries.ru/catalog/3677156/detail.aspx
3753991;https://www.wildberries.ru/catalog/3753991/detail.aspx
3785976;https://www.wildberries.ru/catalog/3785976/detail.aspx
3795063;https://www.wildberries.ru/catalog/3795063/detail.aspx
3795064;https://www.wildberries.ru/catalog/3795064/detail.aspx
3837664;https://www.wildberries.ru/catalog/3837664/detail.aspx
3850574;https://www.wildberries.ru/catalog/3850574/detail.aspx
3893107;https://www.wildberries.ru/catalog/3893107/detail.aspx
12271828;https://www.wildberries.ru/catalog/12271828/detail.aspx
12271858;https://www.wildberries.ru/catalog/12271858/detail.aspx
13768799;https://www.wildberries.ru/catalog/13768799/detail.aspx
14984977;https://www.wildberries.ru/catalog/14984977/detail.aspx
15262692;https://www.wildberries.ru/catalog/15262692/detail.aspx
15448409;https://www.wildberries.ru/catalog/15448409/detail.aspx
15651186;https://www.wildberries.ru/catalog/15651186/detail.aspx
17796047;https://www.wildberries.ru/catalog/17796047/detail.aspx
17796052;https://www.wildberries.ru/catalog/17796052/detail.aspx
17796054;https://www.wildberries.ru/catalog/17796054/detail.aspx
17796055;https://www.wildberries.ru/catalog/17796055/detail.aspx
17796056;https://www.wildberries.ru/catalog/17796056/detail.aspx
17796057;https://www.wildberries.ru/catalog/17796057/detail.aspx
17796058;https://www.wildberries.ru/catalog/17796058/detail.aspx
17796060;https://www.wildberries.ru/catalog/17796060/detail.aspx
17796062;https://www.wildberries.ru/catalog/17796062/detail.aspx
17796064;https://www.wildberries.ru/catalog/17796064/detail.aspx
17796068;https://www.wildberries.ru/catalog/17796068/detail.aspx
17921440;https://www.wildberries.ru/catalog/17921440/detail.aspx
18336135;https://www.wildberries.ru/catalog/18336135/detail.aspx
18528388;https://www.wildberries.ru/catalog/18528388/detail.aspx
18681829;https://www.wildberries.ru/catalog/18681829/detail.aspx
18681830;https://www.wildberries.ru/catalog/18681830/detail.aspx
18681831;https://www.wildberries.ru/catalog/18681831/detail.aspx
18681832;https://www.wildberries.ru/catalog/18681832/detail.aspx
18709145;https://www.wildberries.ru/catalog/18709145/detail.aspx
18709147;https://www.wildberries.ru/catalog/18709147/detail.aspx
18934932;https://www.wildberries.ru/catalog/18934932/detail.aspx
19048962;https://www.wildberries.ru/catalog/19048962/detail.aspx
19110159;https://www.wildberries.ru/catalog/19110159/detail.aspx
19110161;https://www.wildberries.ru/catalog/19110161/detail.aspx
19208282;https://www.wildberries.ru/catalog/19208282/detail.aspx
19208283;https://www.wildberries.ru/catalog/19208283/detail.aspx
19208284;https://www.wildberries.ru/catalog/19208284/detail.aspx
19208285;https://www.wildberries.ru/catalog/19208285/detail.aspx
19237739;https://www.wildberries.ru/catalog/19237739/detail.aspx
19237740;https://www.wildberries.ru/catalog/19237740/detail.aspx
19237749;https://www.wildberries.ru/catalog/19237749/detail.aspx
19276243;https://www.wildberries.ru/catalog/19276243/detail.aspx
19276244;https://www.wildberries.ru/catalog/19276244/detail.aspx
19352827;https://www.wildberries.ru/catalog/19352827/detail.aspx
19428901;https://www.wildberries.ru/catalog/19428901/detail.aspx
19429417;https://www.wildberries.ru/catalog/19429417/detail.aspx
19660872;https://www.wildberries.ru/catalog/19660872/detail.aspx
19670751;https://www.wildberries.ru/catalog/19670751/detail.aspx
20853069;https://www.wildberries.ru/catalog/20853069/detail.aspx
20853071;https://www.wildberries.ru/catalog/20853071/detail.aspx
20853072;https://www.wildberries.ru/catalog/20853072/detail.aspx
20858866;https://www.wildberries.ru/catalog/20858866/detail.aspx
21081406;https://www.wildberries.ru/catalog/21081406/detail.aspx
21081409;https://www.wildberries.ru/catalog/21081409/detail.aspx
21081413;https://www.wildberries.ru/catalog/21081413/detail.aspx
21127259;https://www.wildberries.ru/catalog/21127259/detail.aspx
21127578;https://www.wildberries.ru/catalog/21127578/detail.aspx
21127579;https://www.wildberries.ru/catalog/21127579/detail.aspx
21127580;https://www.wildberries.ru/catalog/21127580/detail.aspx
21127581;https://www.wildberries.ru/catalog/21127581/detail.aspx
21127861;https://www.wildberries.ru/catalog/21127861/detail.aspx
21128024;https://www.wildberries.ru/catalog/21128024/detail.aspx
21128671;https://www.wildberries.ru/catalog/21128671/detail.aspx
21128868;https://www.wildberries.ru/catalog/21128868/detail.aspx
21128869;https://www.wildberries.ru/catalog/21128869/detail.aspx
21128870;https://www.wildberries.ru/catalog/21128870/detail.aspx
21128962;https://www.wildberries.ru/catalog/21128962/detail.aspx
21131118;https://www.wildberries.ru/catalog/21131118/detail.aspx
21131593;https://www.wildberries.ru/catalog/21131593/detail.aspx
21287476;https://www.wildberries.ru/catalog/21287476/detail.aspx
21363165;https://www.wildberries.ru/catalog/21363165/detail.aspx
21431520;https://www.wildberries.ru/catalog/21431520/detail.aspx
21488023;https://www.wildberries.ru/catalog/21488023/detail.aspx
21497474;https://www.wildberries.ru/catalog/21497474/detail.aspx
21497951;https://www.wildberries.ru/catalog/21497951/detail.aspx
21498717;https://www.wildberries.ru/catalog/21498717/detail.aspx
21506521;https://www.wildberries.ru/catalog/21506521/detail.aspx
21506850;https://www.wildberries.ru/catalog/21506850/detail.aspx
21510571;https://www.wildberries.ru/catalog/21510571/detail.aspx
21510572;https://www.wildberries.ru/catalog/21510572/detail.aspx
21510574;https://www.wildberries.ru/catalog/21510574/detail.aspx
21510575;https://www.wildberries.ru/catalog/21510575/detail.aspx
21510576;https://www.wildberries.ru/catalog/21510576/detail.aspx
21510577;https://www.wildberries.ru/catalog/21510577/detail.aspx
21510580;https://www.wildberries.ru/catalog/21510580/detail.aspx
21510581;https://www.wildberries.ru/catalog/21510581/detail.aspx
21510582;https://www.wildberries.ru/catalog/21510582/detail.aspx
21510584;https://www.wildberries.ru/catalog/21510584/detail.aspx
21510585;https://www.wildberries.ru/catalog/21510585/detail.aspx
21658488;https://www.wildberries.ru/catalog/21658488/detail.aspx
21658489;https://www.wildberries.ru/catalog/21658489/detail.aspx
21658496;https://www.wildberries.ru/catalog/21658496/detail.aspx
21658497;https://www.wildberries.ru/catalog/21658497/detail.aspx
21658499;https://www.wildberries.ru/catalog/21658499/detail.aspx
21658509;https://www.wildberries.ru/catalog/21658509/detail.aspx
21658511;https://www.wildberries.ru/catalog/21658511/detail.aspx
21658527;https://www.wildberries.ru/catalog/21658527/detail.aspx
21658528;https://www.wildberries.ru/catalog/21658528/detail.aspx
21658530;https://www.wildberries.ru/catalog/21658530/detail.aspx
21658531;https://www.wildberries.ru/catalog/21658531/detail.aspx
22071649;https://www.wildberries.ru/catalog/22071649/detail.aspx
22262070;https://www.wildberries.ru/catalog/22262070/detail.aspx
22895748;https://www.wildberries.ru/catalog/22895748/detail.aspx
22896524;https://www.wildberries.ru/catalog/22896524/detail.aspx
23135799;https://www.wildberries.ru/catalog/23135799/detail.aspx
23956302;https://www.wildberries.ru/catalog/23956302/detail.aspx
24876388;https://www.wildberries.ru/catalog/24876388/detail.aspx
24876734;https://www.wildberries.ru/catalog/24876734/detail.aspx
24876926;https://www.wildberries.ru/catalog/24876926/detail.aspx
24877315;https://www.wildberries.ru/catalog/24877315/detail.aspx
25096571;https://www.wildberries.ru/catalog/25096571/detail.aspx
25438929;https://www.wildberries.ru/catalog/25438929/detail.aspx
25440125;https://www.wildberries.ru/catalog/25440125/detail.aspx
25440148;https://www.wildberries.ru/catalog/25440148/detail.aspx
25610444;https://www.wildberries.ru/catalog/25610444/detail.aspx
25610445;https://www.wildberries.ru/catalog/25610445/detail.aspx
25949948;https://www.wildberries.ru/catalog/25949948/detail.aspx
25963609;https://www.wildberries.ru/catalog/25963609/detail.aspx
26008587;https://www.wildberries.ru/catalog/26008587/detail.aspx
26009314;https://www.wildberries.ru/catalog/26009314/detail.aspx
26068670;https://www.wildberries.ru/catalog/26068670/detail.aspx
26068972;https://www.wildberries.ru/catalog/26068972/detail.aspx
26068985;https://www.wildberries.ru/catalog/26068985/detail.aspx
26068986;https://www.wildberries.ru/catalog/26068986/detail.aspx
26068987;https://www.wildberries.ru/catalog/26068987/detail.aspx
26068988;https://www.wildberries.ru/catalog/26068988/detail.aspx
26069004;https://www.wildberries.ru/catalog/26069004/detail.aspx
26081144;https://www.wildberries.ru/catalog/26081144/detail.aspx
26081159;https://www.wildberries.ru/catalog/26081159/detail.aspx
26081160;https://www.wildberries.ru/catalog/26081160/detail.aspx
26081163;https://www.wildberries.ru/catalog/26081163/detail.aspx
26081164;https://www.wildberries.ru/catalog/26081164/detail.aspx
26081165;https://www.wildberries.ru/catalog/26081165/detail.aspx
26081166;https://www.wildberries.ru/catalog/26081166/detail.aspx
26081167;https://www.wildberries.ru/catalog/26081167/detail.aspx
26081169;https://www.wildberries.ru/catalog/26081169/detail.aspx
26081170;https://www.wildberries.ru/catalog/26081170/detail.aspx
26134369;https://www.wildberries.ru/catalog/26134369/detail.aspx
26134370;https://www.wildberries.ru/catalog/26134370/detail.aspx
26134371;https://www.wildberries.ru/catalog/26134371/detail.aspx
26134372;https://www.wildberries.ru/catalog/26134372/detail.aspx
26134373;https://www.wildberries.ru/catalog/26134373/detail.aspx
26134374;https://www.wildberries.ru/catalog/26134374/detail.aspx
26134376;https://www.wildberries.ru/catalog/26134376/detail.aspx
26134377;https://www.wildberries.ru/catalog/26134377/detail.aspx
26134378;https://www.wildberries.ru/catalog/26134378/detail.aspx
26134379;https://www.wildberries.ru/catalog/26134379/detail.aspx
26134380;https://www.wildberries.ru/catalog/26134380/detail.aspx
26134381;https://www.wildberries.ru/catalog/26134381/detail.aspx
26134382;https://www.wildberries.ru/catalog/26134382/detail.aspx
26134383;https://www.wildberries.ru/catalog/26134383/detail.aspx
26134384;https://www.wildberries.ru/catalog/26134384/detail.aspx
26134385;https://www.wildberries.ru/catalog/26134385/detail.aspx
26134386;https://www.wildberries.ru/catalog/26134386/detail.aspx
26134387;https://www.wildberries.ru/catalog/26134387/detail.aspx
26134392;https://www.wildberries.ru/catalog/26134392/detail.aspx
26134393;https://www.wildberries.ru/catalog/26134393/detail.aspx
26134394;https://www.wildberries.ru/catalog/26134394/detail.aspx
26134395;https://www.wildberries.ru/catalog/26134395/detail.aspx
26134396;https://www.wildberries.ru/catalog/26134396/detail.aspx
26134411;https://www.wildberries.ru/catalog/26134411/detail.aspx
26134412;https://www.wildberries.ru/catalog/26134412/detail.aspx
26134413;https://www.wildberries.ru/catalog/26134413/detail.aspx
26134414;https://www.wildberries.ru/catalog/26134414/detail.aspx
26134415;https://www.wildberries.ru/catalog/26134415/detail.aspx
26134416;https://www.wildberries.ru/catalog/26134416/detail.aspx
26134417;https://www.wildberries.ru/catalog/26134417/detail.aspx
26134418;https://www.wildberries.ru/catalog/26134418/detail.aspx
26134419;https://www.wildberries.ru/catalog/26134419/detail.aspx
26134421;https://www.wildberries.ru/catalog/26134421/detail.aspx
26134422;https://www.wildberries.ru/catalog/26134422/detail.aspx
26134423;https://www.wildberries.ru/catalog/26134423/detail.aspx
26134424;https://www.wildberries.ru/catalog/26134424/detail.aspx
26134425;https://www.wildberries.ru/catalog/26134425/detail.aspx
26134426;https://www.wildberries.ru/catalog/26134426/detail.aspx
26134427;https://www.wildberries.ru/catalog/26134427/detail.aspx
26134428;https://www.wildberries.ru/catalog/26134428/detail.aspx
26134429;https://www.wildberries.ru/catalog/26134429/detail.aspx
26134440;https://www.wildberries.ru/catalog/26134440/detail.aspx
26134441;https://www.wildberries.ru/catalog/26134441/detail.aspx
26134442;https://www.wildberries.ru/catalog/26134442/detail.aspx
26148862;https://www.wildberries.ru/catalog/26148862/detail.aspx
26151054;https://www.wildberries.ru/catalog/26151054/detail.aspx
26328862;https://www.wildberries.ru/catalog/26328862/detail.aspx
26328863;https://www.wildberries.ru/catalog/26328863/detail.aspx
26420860;https://www.wildberries.ru/catalog/26420860/detail.aspx
26420861;https://www.wildberries.ru/catalog/26420861/detail.aspx
26420862;https://www.wildberries.ru/catalog/26420862/detail.aspx
26420863;https://www.wildberries.ru/catalog/26420863/detail.aspx
26420864;https://www.wildberries.ru/catalog/26420864/detail.aspx
26420865;https://www.wildberries.ru/catalog/26420865/detail.aspx
26420866;https://www.wildberries.ru/catalog/26420866/detail.aspx
26420867;https://www.wildberries.ru/catalog/26420867/detail.aspx
26465696;https://www.wildberries.ru/catalog/26465696/detail.aspx
26465697;https://www.wildberries.ru/catalog/26465697/detail.aspx
26465698;https://www.wildberries.ru/catalog/26465698/detail.aspx
26465699;https://www.wildberries.ru/catalog/26465699/detail.aspx
26465700;https://www.wildberries.ru/catalog/26465700/detail.aspx
26465701;https://www.wildberries.ru/catalog/26465701/detail.aspx
26465702;https://www.wildberries.ru/catalog/26465702/detail.aspx
26465704;https://www.wildberries.ru/catalog/26465704/detail.aspx
26465705;https://www.wildberries.ru/catalog/26465705/detail.aspx
26465706;https://www.wildberries.ru/catalog/26465706/detail.aspx
26465707;https://www.wildberries.ru/catalog/26465707/detail.aspx
26465717;https://www.wildberries.ru/catalog/26465717/detail.aspx
26493426;https://www.wildberries.ru/catalog/26493426/detail.aspx
26493427;https://www.wildberries.ru/catalog/26493427/detail.aspx
26493428;https://www.wildberries.ru/catalog/26493428/detail.aspx
26493429;https://www.wildberries.ru/catalog/26493429/detail.aspx
26493430;https://www.wildberries.ru/catalog/26493430/detail.aspx
26493431;https://www.wildberries.ru/catalog/26493431/detail.aspx
26493432;https://www.wildberries.ru/catalog/26493432/detail.aspx
26493433;https://www.wildberries.ru/catalog/26493433/detail.aspx
26493434;https://www.wildberries.ru/catalog/26493434/detail.aspx
26493435;https://www.wildberries.ru/catalog/26493435/detail.aspx
26493436;https://www.wildberries.ru/catalog/26493436/detail.aspx
26493437;https://www.wildberries.ru/catalog/26493437/detail.aspx
26704604;https://www.wildberries.ru/catalog/26704604/detail.aspx
27135671;https://www.wildberries.ru/catalog/27135671/detail.aspx
27143840;https://www.wildberries.ru/catalog/27143840/detail.aspx
27454942;https://www.wildberries.ru/catalog/27454942/detail.aspx
27454943;https://www.wildberries.ru/catalog/27454943/detail.aspx
27454944;https://www.wildberries.ru/catalog/27454944/detail.aspx
27454945;https://www.wildberries.ru/catalog/27454945/detail.aspx
27607638;https://www.wildberries.ru/catalog/27607638/detail.aspx
27608199;https://www.wildberries.ru/catalog/27608199/detail.aspx
27621861;https://www.wildberries.ru/catalog/27621861/detail.aspx
27622725;https://www.wildberries.ru/catalog/27622725/detail.aspx
27622744;https://www.wildberries.ru/catalog/27622744/detail.aspx
28040915;https://www.wildberries.ru/catalog/28040915/detail.aspx
28040917;https://www.wildberries.ru/catalog/28040917/detail.aspx
28113284;https://www.wildberries.ru/catalog/28113284/detail.aspx
28190332;https://www.wildberries.ru/catalog/28190332/detail.aspx
28306175;https://www.wildberries.ru/catalog/28306175/detail.aspx
28306177;https://www.wildberries.ru/catalog/28306177/detail.aspx
28330948;https://www.wildberries.ru/catalog/28330948/detail.aspx
28330949;https://www.wildberries.ru/catalog/28330949/detail.aspx
28330953;https://www.wildberries.ru/catalog/28330953/detail.aspx
28330959;https://www.wildberries.ru/catalog/28330959/detail.aspx
28330960;https://www.wildberries.ru/catalog/28330960/detail.aspx
28460326;https://www.wildberries.ru/catalog/28460326/detail.aspx
28460781;https://www.wildberries.ru/catalog/28460781/detail.aspx
28759102;https://www.wildberries.ru/catalog/28759102/detail.aspx
28866358;https://www.wildberries.ru/catalog/28866358/detail.aspx
28867164;https://www.wildberries.ru/catalog/28867164/detail.aspx
29713124;https://www.wildberries.ru/catalog/29713124/detail.aspx
29720582;https://www.wildberries.ru/catalog/29720582/detail.aspx
29720585;https://www.wildberries.ru/catalog/29720585/detail.aspx
29751824;https://www.wildberries.ru/catalog/29751824/detail.aspx
29752137;https://www.wildberries.ru/catalog/29752137/detail.aspx
29752822;https://www.wildberries.ru/catalog/29752822/detail.aspx
29781046;https://www.wildberries.ru/catalog/29781046/detail.aspx
29784839;https://www.wildberries.ru/catalog/29784839/detail.aspx
30038604;https://www.wildberries.ru/catalog/30038604/detail.aspx
30618421;https://www.wildberries.ru/catalog/30618421/detail.aspx
30624028;https://www.wildberries.ru/catalog/30624028/detail.aspx
30624938;https://www.wildberries.ru/catalog/30624938/detail.aspx
30783960;https://www.wildberries.ru/catalog/30783960/detail.aspx
30838564;https://www.wildberries.ru/catalog/30838564/detail.aspx
31313727;https://www.wildberries.ru/catalog/31313727/detail.aspx
31314051;https://www.wildberries.ru/catalog/31314051/detail.aspx
31315003;https://www.wildberries.ru/catalog/31315003/detail.aspx
31317801;https://www.wildberries.ru/catalog/31317801/detail.aspx
31335741;https://www.wildberries.ru/catalog/31335741/detail.aspx
31335742;https://www.wildberries.ru/catalog/31335742/detail.aspx
31335743;https://www.wildberries.ru/catalog/31335743/detail.aspx
31335744;https://www.wildberries.ru/catalog/31335744/detail.aspx
31335745;https://www.wildberries.ru/catalog/31335745/detail.aspx
31335746;https://www.wildberries.ru/catalog/31335746/detail.aspx
31335747;https://www.wildberries.ru/catalog/31335747/detail.aspx
31335748;https://www.wildberries.ru/catalog/31335748/detail.aspx
31335749;https://www.wildberries.ru/catalog/31335749/detail.aspx
31335750;https://www.wildberries.ru/catalog/31335750/detail.aspx
31335751;https://www.wildberries.ru/catalog/31335751/detail.aspx
31335752;https://www.wildberries.ru/catalog/31335752/detail.aspx
31335753;https://www.wildberries.ru/catalog/31335753/detail.aspx
31335754;https://www.wildberries.ru/catalog/31335754/detail.aspx
31335755;https://www.wildberries.ru/catalog/31335755/detail.aspx
31335756;https://www.wildberries.ru/catalog/31335756/detail.aspx
31335757;https://www.wildberries.ru/catalog/31335757/detail.aspx
31335758;https://www.wildberries.ru/catalog/31335758/detail.aspx
31335759;https://www.wildberries.ru/catalog/31335759/detail.aspx
31335760;https://www.wildberries.ru/catalog/31335760/detail.aspx
31902311;https://www.wildberries.ru/catalog/31902311/detail.aspx
31902313;https://www.wildberries.ru/catalog/31902313/detail.aspx
31902315;https://www.wildberries.ru/catalog/31902315/detail.aspx
31902316;https://www.wildberries.ru/catalog/31902316/detail.aspx
31902317;https://www.wildberries.ru/catalog/31902317/detail.aspx
31902318;https://www.wildberries.ru/catalog/31902318/detail.aspx
31902319;https://www.wildberries.ru/catalog/31902319/detail.aspx
32026203;https://www.wildberries.ru/catalog/32026203/detail.aspx
32026618;https://www.wildberries.ru/catalog/32026618/detail.aspx
32324178;https://www.wildberries.ru/catalog/32324178/detail.aspx
32324179;https://www.wildberries.ru/catalog/32324179/detail.aspx
32324186;https://www.wildberries.ru/catalog/32324186/detail.aspx
32459875;https://www.wildberries.ru/catalog/32459875/detail.aspx
32459876;https://www.wildberries.ru/catalog/32459876/detail.aspx
32497124;https://www.wildberries.ru/catalog/32497124/detail.aspx
32497125;https://www.wildberries.ru/catalog/32497125/detail.aspx
32497126;https://www.wildberries.ru/catalog/32497126/detail.aspx
32497128;https://www.wildberries.ru/catalog/32497128/detail.aspx
32497129;https://www.wildberries.ru/catalog/32497129/detail.aspx
32497130;https://www.wildberries.ru/catalog/32497130/detail.aspx
32497131;https://www.wildberries.ru/catalog/32497131/detail.aspx
32497132;https://www.wildberries.ru/catalog/32497132/detail.aspx
32497133;https://www.wildberries.ru/catalog/32497133/detail.aspx
32497135;https://www.wildberries.ru/catalog/32497135/detail.aspx
32497136;https://www.wildberries.ru/catalog/32497136/detail.aspx
32727628;https://www.wildberries.ru/catalog/32727628/detail.aspx
32990664;https://www.wildberries.ru/catalog/32990664/detail.aspx
32991227;https://www.wildberries.ru/catalog/32991227/detail.aspx
32992475;https://www.wildberries.ru/catalog/32992475/detail.aspx
32993800;https://www.wildberries.ru/catalog/32993800/detail.aspx
32994153;https://www.wildberries.ru/catalog/32994153/detail.aspx
32994604;https://www.wildberries.ru/catalog/32994604/detail.aspx
33389033;https://www.wildberries.ru/catalog/33389033/detail.aspx
33390856;https://www.wildberries.ru/catalog/33390856/detail.aspx
33391977;https://www.wildberries.ru/catalog/33391977/detail.aspx
33462603;https://www.wildberries.ru/catalog/33462603/detail.aspx
33462604;https://www.wildberries.ru/catalog/33462604/detail.aspx
33462606;https://www.wildberries.ru/catalog/33462606/detail.aspx
33469952;https://www.wildberries.ru/catalog/33469952/detail.aspx
33469953;https://www.wildberries.ru/catalog/33469953/detail.aspx
33469954;https://www.wildberries.ru/catalog/33469954/detail.aspx
33469955;https://www.wildberries.ru/catalog/33469955/detail.aspx
33484935;https://www.wildberries.ru/catalog/33484935/detail.aspx
33484936;https://www.wildberries.ru/catalog/33484936/detail.aspx
33484937;https://www.wildberries.ru/catalog/33484937/detail.aspx
33484938;https://www.wildberries.ru/catalog/33484938/detail.aspx
33801913;https://www.wildberries.ru/catalog/33801913/detail.aspx
33801914;https://www.wildberries.ru/catalog/33801914/detail.aspx
33801915;https://www.wildberries.ru/catalog/33801915/detail.aspx
33801916;https://www.wildberries.ru/catalog/33801916/detail.aspx
33804078;https://www.wildberries.ru/catalog/33804078/detail.aspx
33804079;https://www.wildberries.ru/catalog/33804079/detail.aspx
33804080;https://www.wildberries.ru/catalog/33804080/detail.aspx
34005017;https://www.wildberries.ru/catalog/34005017/detail.aspx
34044460;https://www.wildberries.ru/catalog/34044460/detail.aspx
34535360;https://www.wildberries.ru/catalog/34535360/detail.aspx
34648731;https://www.wildberries.ru/catalog/34648731/detail.aspx
34940714;https://www.wildberries.ru/catalog/34940714/detail.aspx
35010545;https://www.wildberries.ru/catalog/35010545/detail.aspx
35151693;https://www.wildberries.ru/catalog/35151693/detail.aspx
35151694;https://www.wildberries.ru/catalog/35151694/detail.aspx
35151696;https://www.wildberries.ru/catalog/35151696/detail.aspx
35183579;https://www.wildberries.ru/catalog/35183579/detail.aspx
35189585;https://www.wildberries.ru/catalog/35189585/detail.aspx
35189586;https://www.wildberries.ru/catalog/35189586/detail.aspx
35392579;https://www.wildberries.ru/catalog/35392579/detail.aspx
35567883;https://www.wildberries.ru/catalog/35567883/detail.aspx
36402591;https://www.wildberries.ru/catalog/36402591/detail.aspx
36517285;https://www.wildberries.ru/catalog/36517285/detail.aspx
37144336;https://www.wildberries.ru/catalog/37144336/detail.aspx
37951576;https://www.wildberries.ru/catalog/37951576/detail.aspx
40021893;https://www.wildberries.ru/catalog/40021893/detail.aspx
40033583;https://www.wildberries.ru/catalog/40033583/detail.aspx
40047074;https://www.wildberries.ru/catalog/40047074/detail.aspx
40050089;https://www.wildberries.ru/catalog/40050089/detail.aspx
40053595;https://www.wildberries.ru/catalog/40053595/detail.aspx
40055136;https://www.wildberries.ru/catalog/40055136/detail.aspx
40060068;https://www.wildberries.ru/catalog/40060068/detail.aspx
40068164;https://www.wildberries.ru/catalog/40068164/detail.aspx
40068165;https://www.wildberries.ru/catalog/40068165/detail.aspx
40068166;https://www.wildberries.ru/catalog/40068166/detail.aspx
40068168;https://www.wildberries.ru/catalog/40068168/detail.aspx
40068663;https://www.wildberries.ru/catalog/40068663/detail.aspx
40069141;https://www.wildberries.ru/catalog/40069141/detail.aspx
40069584;https://www.wildberries.ru/catalog/40069584/detail.aspx
40070983;https://www.wildberries.ru/catalog/40070983/detail.aspx
40071798;https://www.wildberries.ru/catalog/40071798/detail.aspx
40071956;https://www.wildberries.ru/catalog/40071956/detail.aspx
40071957;https://www.wildberries.ru/catalog/40071957/detail.aspx
40071958;https://www.wildberries.ru/catalog/40071958/detail.aspx
40077013;https://www.wildberries.ru/catalog/40077013/detail.aspx
40078732;https://www.wildberries.ru/catalog/40078732/detail.aspx
40079204;https://www.wildberries.ru/catalog/40079204/detail.aspx
40082562;https://www.wildberries.ru/catalog/40082562/detail.aspx
40089861;https://www.wildberries.ru/catalog/40089861/detail.aspx
40090382;https://www.wildberries.ru/catalog/40090382/detail.aspx
40090383;https://www.wildberries.ru/catalog/40090383/detail.aspx
40090385;https://www.wildberries.ru/catalog/40090385/detail.aspx
40090542;https://www.wildberries.ru/catalog/40090542/detail.aspx
40093242;https://www.wildberries.ru/catalog/40093242/detail.aspx
40093243;https://www.wildberries.ru/catalog/40093243/detail.aspx
40093244;https://www.wildberries.ru/catalog/40093244/detail.aspx
40094255;https://www.wildberries.ru/catalog/40094255/detail.aspx
40094700;https://www.wildberries.ru/catalog/40094700/detail.aspx
40096713;https://www.wildberries.ru/catalog/40096713/detail.aspx
40096959;https://www.wildberries.ru/catalog/40096959/detail.aspx
40097499;https://www.wildberries.ru/catalog/40097499/detail.aspx
40097525;https://www.wildberries.ru/catalog/40097525/detail.aspx
40098319;https://www.wildberries.ru/catalog/40098319/detail.aspx
40098365;https://www.wildberries.ru/catalog/40098365/detail.aspx
40099187;https://www.wildberries.ru/catalog/40099187/detail.aspx
40099188;https://www.wildberries.ru/catalog/40099188/detail.aspx
40099189;https://www.wildberries.ru/catalog/40099189/detail.aspx
40099723;https://www.wildberries.ru/catalog/40099723/detail.aspx
40101754;https://www.wildberries.ru/catalog/40101754/detail.aspx
40101768;https://www.wildberries.ru/catalog/40101768/detail.aspx
40102372;https://www.wildberries.ru/catalog/40102372/detail.aspx
40102483;https://www.wildberries.ru/catalog/40102483/detail.aspx
40103475;https://www.wildberries.ru/catalog/40103475/detail.aspx
40103714;https://www.wildberries.ru/catalog/40103714/detail.aspx
40105831;https://www.wildberries.ru/catalog/40105831/detail.aspx
40105843;https://www.wildberries.ru/catalog/40105843/detail.aspx
40106595;https://www.wildberries.ru/catalog/40106595/detail.aspx
40354593;https://www.wildberries.ru/catalog/40354593/detail.aspx
40354595;https://www.wildberries.ru/catalog/40354595/detail.aspx
41663385;https://www.wildberries.ru/catalog/41663385/detail.aspx
41663967;https://www.wildberries.ru/catalog/41663967/detail.aspx
41749958;https://www.wildberries.ru/catalog/41749958/detail.aspx
42842389;https://www.wildberries.ru/catalog/42842389/detail.aspx
42858058;https://www.wildberries.ru/catalog/42858058/detail.aspx
43058458;https://www.wildberries.ru/catalog/43058458/detail.aspx
43399533;https://www.wildberries.ru/catalog/43399533/detail.aspx
46704633;https://www.wildberries.ru/catalog/46704633/detail.aspx
48657711;https://www.wildberries.ru/catalog/48657711/detail.aspx
5727201;https://www.wildberries.ru/catalog/5727201/detail.aspx
5727202;https://www.wildberries.ru/catalog/5727202/detail.aspx
